ID  CHROM   BP  CM  A1  A2	BETA
10:94263_C_A    10.0    94263   0.0 A   C	0
10:94541_C_A    10.0    94541   0.0 A   C	1
10:95074_G_A    10.0    95074   0.0 A   G	2
10:96332_C_T    10.0    96332   0.0 T   C	5
10:96434_T_C    10.0    96434   0.0 C   T	6
10:98244_G_A    10.0    98244   0.0 A   G	7
10:98947_T_A    10.0    98947   0.0 A   T	8
10:99509_A_T    10.0    99509   0.0 T   A	9.
10:95096_A_G    10.0    95096   0.0 G   A	5
10:95353_G_A    10.0    95353   0.0 A   G	4
FAKEID	10.0	95359	0.0	A	C	10
